Workbook

Sheet End-to-End Flow
B2: EMPLOYEE LISTENING — END-TO-END ARCHITECTURE FLOW | P2: What we know now · 25 products · March 2026
B4: 01 DATA IN | F4: 02 SURVEY TRIGGER | J4: 03 COLLECTION | N4: 04 PROCESSING | R4: 05 INSIGHTS
B5: Data Sources | F5: Trigger Logic | J5: Survey Platforms | N5: ETL & Storage | R5: Outputs & Reporting
B7: Employee data pulled from: | F7: Surveys fire on lifecycle events & schedules: | J7: Four platforms currently in use / planned: | N7: All responses flow via ETL pipeline into: | R7: Insights delivered via:
B8: • Workday (workforce) — 18 products planned | F8: • Always On — exit, onboarding, HR cases | J8: • Qualtrics — LIVE (Your View, Learning) | N8: • Microsoft Fabric / OneLake (storage) | R8: • Power BI — active (Your View); planned all 25
B9: • ServiceNow (HR cases) — 14 products planned | F9: • Bi-Annual — Your View, engagement surveys | J9: • Viva Glint — LIVE (Training); planned more | N9: • Anonymisation applied at ≥5 threshold | R9: • Copilot / AI summaries — active 4 products
B10: • Manual / CSV uploads — 8 products LIVE today | E10: ▶ | F10: • Weekly — org effectiveness tracking | I10: ▶ | J10: • Microsoft Forms — planned (Exit, Barometer) | M10: ▶ | N10: • Microsoft Purview — classification & lineage | Q10: ▶ | R10: • Qlik Sense OE App — planned most products
B11: • HRDP — golden source target, Q3/Q4 migration | F11: • Adhoc — redeployment, strategic surveys | J11: • Viva Pulse — planned (Workplace, HR Case) | R11: • MMR App (Qlik) — confirmed live output
F12: • Monthly — Corporate Comms Pulse | N12: GDPR legal review: | R12: • SharePoint & Teams — action planning
B13: Until HRDP migration completes, Manual CSV | J13: Tool rationalisation still outstanding | N13: • Complete — Your View & Barometers
B14: is the only confirmed active data feed. | F14: BNow Task Cards used for distribution | J14: for 13 of 25 products (TBD). | N14: • In progress — remaining products | R14: Executive reporting via OE App.
B16: CSV live · WD & SN planned | F16: Multi-cadence · BNow task cards | J16: 4 platforms · 13 tools TBD | N16: ETL → Fabric · Purview governance | R16: Power BI · Copilot · Qlik OE App
B18: 🔮 MODIS | D18: MODIS plugin added for preview in July 2026 · We will test the plugin with our systems and align integration with WD, SN and HRDP data flows before full rollout
B20: 25 SURVEY PRODUCTS ACROSS 4 TYPES: | F20: 7 Engagement | I20: 6 Transactional | L20: 8 Strategic | O20: 4 Tactical | R20: + MODIS preview July · Full rollout post system alignment
B22: ■ Active / Confirmed | E22: ■ Planned (P) | H22: ■ Tool TBD | K22: ■ MODIS / Preview | O22: Source: Employee Listening Architecture v3 · Internal — Confidential · March 2026

Sheet All 25 Products
B2: ALL 25 LISTENING PRODUCTS | L2: · | M2: ✓ = ACTIVE | O2: · | P2: P = PLANNED | R2: · | S2: ? = TOOL TBD
B4: 1 | F4: 02 | J4: 03 | N4: 04 | R4: 05
B5: ='Data Source → Product Map'!C7 -> Your View - Spring 2026 (Pilot) | F5: ='Data Source → Product Map'!C8 -> Your View - Spring 2026 | J5: ='Data Source → Product Map'!C9 -> Your View - Autumn 2026 | N5: ='Data Source → Product Map'!C10 -> Hiring Manager - Recruitment | R5: ='Data Source → Product Map'!C11 -> Hiring Manager - Onboarding
B6: ✓ Active | F6: ✓ Active | J6: ✓ Active | N6: P | R6: P
B7: ='Data Source → Product Map'!I7 -> Qualtrics | F7: ='Data Source → Product Map'!I8 -> Qualtrics | J7: ='Data Source → Product Map'!I9 -> Qualtrics | N7: ='Data Source → Product Map'!I10 -> Viva Glint?? | R7: ='Data Source → Product Map'!I11 -> Viva Glint??
B10: 06 | F10: 07 | J10: 08 | N10: 09 | R10: 10
B11: ='Data Source → Product Map'!C12 -> Mandatory training survey | F11: ='Data Source → Product Map'!C13 -> Learning satisfaction survey | J11: ='Data Source → Product Map'!C14 -> HR experience - H1 2026 | N11: ='Data Source → Product Map'!C15 -> HR experience - H2 2026 | R11: ='Data Source → Product Map'!C16 -> Group Exit survey (Leaving the Bank)
B12: ✓ Active | F12: ✓ Active | J12: ✓ Active | N12: P | R12: P
B13: ='Data Source → Product Map'!I12 -> Viva Glint | F13: ='Data Source → Product Map'!I13 -> Qualtrics / Viva Glint?? | J13: ='Data Source → Product Map'!I14 -> Viva Glint?? | N13: ='Data Source → Product Map'!I15 -> Microsoft Forms | R13: ='Data Source → Product Map'!I16 -> Microsoft Forms
B16: 11 | F16: 12 | J16: 13 | N16: 14 | R16: 15
B17: ='Data Source → Product Map'!C17 -> CIB exit interviews for female colleagues | F17: ='Data Source → Product Map'!C18 -> Barometer - Global | J17: ='Data Source → Product Map'!C19 -> BUK Barometer | N17: ='Data Source → Product Map'!C20 -> 360 survey | R17: ='Data Source → Product Map'!C21 -> HR case experience
B18: P | F18: P | J18: P | N18: ? | R18: P
B19: ='Data Source → Product Map'!I17 -> Microsoft Forms | F19: ='Data Source → Product Map'!I18 -> Microsoft Forms | J19: ='Data Source → Product Map'!I19 -> Viva Glint | N19: ='Data Source → Product Map'!I20 -> TBD | R19: ='Data Source → Product Map'!I21 -> Viva Pulse??
B22: 16 | F22: 17 | J22: 18 | N22: 19 | R22: 20
B23: ='Data Source → Product Map'!C22 -> Team Satisfaction feedback (Speak up) | F23: ='Data Source → Product Map'!C23 -> Organisational effectiveness | J23: ='Data Source → Product Map'!C24 -> Workplace adjustment colleague satisfaction | N23: ='Data Source → Product Map'!C25 -> Career transition services survey (Redeployment) | R23: ='Data Source → Product Map'!C26 -> Colleague Listening assessment tool (Control for MS Forms platform)
B24: P | F24: P | J24: P | N24: P | R24: ?
B25: ='Data Source → Product Map'!I22 -> Viva Glint | F25: ='Data Source → Product Map'!I23 -> Microsoft Forms | J25: ='Data Source → Product Map'!I24 -> Viva Pulse | N25: ='Data Source → Product Map'!I25 -> Viva Glint | R25: ='Data Source → Product Map'!I26 -> TBD
B28: 21 | F28: 22 | J28: 23 | N28: 24 | R28: 25
B29: ='Data Source → Product Map'!C27 -> Post online Assessment (SHL) Survey | F29: ='Data Source → Product Map'!C28 -> Monthly Corporate Comms Pulse | J29: ='Data Source → Product Map'!C29 -> Candidate Experience | N29: ='Data Source → Product Map'!C30 -> Alumni | R29: ='Data Source → Product Map'!C31 -> MMR App
B30: ? | F30: ? | J30: ? | N30: ? | R30: ✓ Active
B31: ='Data Source → Product Map'!I27 -> TBD | F31: ='Data Source → Product Map'!I28 -> TBD | J31: ='Data Source → Product Map'!I29 -> TBD | N31: ='Data Source → Product Map'!I30 -> TBD | R31: ='Data Source → Product Map'!I31 -> Viva Glint
B34: ■ Active / Confirmed | G34: ■ Planned (P) | L34: ■ Tool TBD / Undecided

Sheet Overview & Legend
B2: Employee Listening – End-to-End Architecture
B4: Data Sources → Survey Products → Processing → Insights → Action
B6: ARCHITECTURE FLOW
B7: 1 DATA SOURCES | C7: 2 SURVEY TRIGGER | D7: 3 COLLECTION | E7: 4 PROCESSING | F7: 5 INSIGHTS
B12: COLOUR LEGEND
B13: Data Sources | C13: Workday / ServiceNow / Manual CSV / HRDP
B14: Survey Products | C14: 23 named products from your architecture
B15: Confirmed ✓ (Survey Tool) | C15: Survey tool confirmed – green background
B16: TBD ⚠ (Survey Tool) | C16: Survey tool not yet decided – yellow background
B17: Planned P | C17: Connection / feature planned but not live
B18: Output / Reporting Tools | C18: Qlik Sense / OE App / SharePoint / Teams
B19: Governance | C19: Purview, anonymisation, GDPR controls
B20: Insights & Reporting | C20: Power BI dashboards, Copilot AI summaries
B22: SHEETS IN THIS WORKBOOK
B23: Overview & Legend | C23: Colour codes, flow summary, guide (this sheet)
B24: Data Source → Product Map | C24: All 23 products mapped to data sources & output tools
B25: Survey Flow (All Products) | C25: End-to-end: trigger → collect → process → insight
B26: Data Governance | C26: Owner, sensitivity, retention, Purview, HRDP migration

Sheet Data Source → Product Map
B2: Data Source → Survey Product Mapping
B4: ✓ = Active (green) | P = Planned (orange) | - = Not applicable | Yellow = Survey tool TBD | Teal = Output / Reporting Tools
D5: ◀ DATA SOURCES ▶ | I5: ◀ SURVEY PLATFORM ▶ | M5: ◀ BI & AI INSIGHTS ▶ | P5: ◀ OUTPUT / REPORTING TOOLS ▶
B6: # | C6: Product Name | D6: Workday | E6: ServiceNow | F6: Manual / CSV | G6: HRDP (Planned) | H6: Other Source | I6: Survey Tool (Glint / Pulse / Qualtrics / Forms) | J6: Trigger | K6: Distribution Channel | L6: Survey Type | M6: Power BI Dashboard | N6: Copilot / AI Insights | O6: Glint Dashboard | P6: Qlik Sense MMR App | Q6: Qlik Sense OE App | R6: Other Output Tool
B7: 1 | C7: Your View - Spring 2026 (Pilot) | D7: - | E7: - | F7: ✓ | G7: - | H7: - | I7: Qualtrics | J7: Bi Annual | K7: Qualtrics + BNow Task card | L7: Recurring | M7: - | N7: ✓ | O7: - | P7: - | Q7: - | R7: -
B8: 2 | C8: Your View - Spring 2026 | D8: - | E8: - | F8: ✓ | G8: - | H8: - | I8: Qualtrics | J8: Bi Annual | K8: Qualtrics + BNow Task card | L8: Engagement | M8: - | N8: ✓ | O8: - | P8: - | Q8: - | R8: -
B9: 3 | C9: Your View - Autumn 2026 | D9: - | E9: - | F9: ✓ | G9: P | H9: - | I9: Qualtrics | J9: Bi Annual | K9: Qualtrics + BNow Task card | L9: Engagement | M9: ✓ | N9: ✓ | O9: - | P9: - | Q9: - | R9: -
B10: 4 | C10: Hiring Manager - Recruitment | D10: - | E10: - | F10: ✓ | G10: P | H10: - | I10: Viva Glint?? | J10: Always On | K10: Glint + BNow Task card | L10: Engagement | M10: ✓ | N10: - | O10: - | P10: - | Q10: P | R10: -
B11: 5 | C11: Hiring Manager - Onboarding | D11: - | E11: - | F11: ✓ | G11: P | H11: - | I11: Viva Glint?? | J11: Always On | K11: Glint + BNow Task card | L11: Engagement | M11: ✓ | N11: - | O11: - | P11: - | Q11: P | R11: -
B12: 6 | C12: Mandatory training survey | D12: - | E12: - | F12: ✓ | G12: - | H12: - | I12: Viva Glint | J12: Always On | K12: Glint + BNow Task card | L12: Transactional | M12: ✓ | N12: - | O12: - | P12: - | Q12: P | R12: -
B13: 7 | C13: Learning satisfaction survey | D13: - | E13: - | F13: ✓ | G13: - | H13: - | I13: Qualtrics / Viva Glint?? | J13: Bi Annual | K13: Glint + BNow Task card | L13: Engagement | M13: ✓ | N13: ✓ | O13: - | P13: - | Q13: P | R13: -
B14: 8 | C14: HR experience - H1 2026 | D14: - | E14: - | F14: ✓ | G14: P | H14: - | I14: Viva Glint?? | J14: Bi Annual | K14: Glint + BNow Task card | L14: Engagement | M14: - | N14: - | O14: - | P14: - | Q14: P | R14: -
B15: 9 | C15: HR experience - H2 2026 | D15: P | E15: P | F15: - | G15: P | H15: - | I15: Microsoft Forms | J15: Always On | K15: - | L15: Transactional | M15: - | N15: - | O15: P | P15: - | Q15: P | R15: -
B16: 10 | C16: Group Exit survey (Leaving the Bank) | D16: P | E16: P | F16: - | G16: P | H16: - | I16: Microsoft Forms | J16: Always On | K16: - | L16: Strategic | M16: - | N16: - | O16: P | P16: - | Q16: P | R16: -
B17: 11 | C17: CIB exit interviews for female colleagues | D17: P | E17: - | F17: - | G17: P | H17: - | I17: Microsoft Forms | J17: - | K17: - | L17: Strategic | M17: - | N17: - | O17: P | P17: - | Q17: P | R17: -
... B31: 25 | C31: MMR App | D31: P | E31: - | F31: - | G31: P | H31: - | I31: Viva Glint | J31: - | K31: - | L31: Strategic | M31: P | N31: - | O31: - | P31: - | Q31: P | R31: ✓
B32: TOTAL Active (✓) Count | D32: =COUNTIF(D7:D31,"✓") -> 0 | E32: =COUNTIF(E7:E31,"✓") -> 0 | F32: =COUNTIF(F7:F31,"✓") -> 8 | G32: =COUNTIF(G7:G31,"✓") -> 0 | H32: =COUNTIF(H7:H31,"✓") -> 0 | M32: =COUNTIF(M7:M31,"✓") -> 5 | N32: =COUNTIF(N7:N31,"✓") -> 4 | O32: =COUNTIF(O7:O31,"✓") -> 0 | P32: =COUNTIF(P7:P31,"✓") -> 0 | Q32: =COUNTIF(Q7:Q31,"✓") -> 0
B33: Survey Tool TBD (??) Count | I33: =COUNTIF(I7:I31,"*??*")+COUNTIF(I7:I31,"TBD") -> 31

Sheet Survey Flow (All Products)
B2: Survey End-to-End Flow – All Products
D4: ◀ DATA IN ▶ | F4: ◀ SURVEY EXECUTION ▶ | I4: ◀ PROCESSING ▶ | K4: ◀ GOVERN ▶ | L4: ◀ INSIGHTS ▶ | N4: ◀ OUTPUT ▶
B5: # | C5: Product Name | D5: Data Source | E5: Trigger | F5: Survey Tool | G5: Distribution Channel | H5: Survey Type | I5: Processing & Transform | J5: Storage (OneLake / HRDP) | K5: Governance & Quality | L5: Analytics / Power BI | M5: Copilot / AI Insights | N5: Output / Reporting Tool
B6: 1 | C6: Your View - Spring 2026 (Pilot) | D6: Manual/CSV | E6: Bi Annual | F6: Qualtrics | G6: Qualtrics + BNow Task card | H6: Recurring | I6: ETL → Microsoft Fabric | J6: OneLake / HRDP (Planned) | K6: Anonymisation + Purview | L6: P – Power BI | M6: Copilot Insights | N6: Power BI (default)
B7: 2 | C7: Your View - Spring 2026 | D7: Manual/CSV | E7: Bi Annual | F7: Qualtrics | G7: Qualtrics + BNow Task card | H7: Engagement | I7: ETL → Microsoft Fabric | J7: OneLake / HRDP (Planned) | K7: Anonymisation + Purview | L7: P – Power BI | M7: Copilot Insights | N7: Power BI (default)
B8: 3 | C8: Your View - Autumn 2026 | D8: Manual/CSV + HRDP | E8: Bi Annual | F8: Qualtrics | G8: Qualtrics + BNow Task card | H8: Engagement | I8: ETL → Microsoft Fabric | J8: OneLake / HRDP (Planned) | K8: Anonymisation + Purview | L8: Power BI Reports | M8: Copilot Insights | N8: Power BI (default)
B9: 4 | C9: Hiring Manager - Recruitment | D9: Manual/CSV + HRDP | E9: Always On | F9: Viva Glint?? | G9: Glint + BNow Task card | H9: Engagement | I9: ETL → Microsoft Fabric | J9: OneLake / HRDP (Planned) | K9: Anonymisation + Purview | L9: Power BI Reports | M9: Planned | N9: Power BI (default)
B10: 5 | C10: Hiring Manager - Onboarding | D10: Manual/CSV + HRDP | E10: Always On | F10: Viva Glint?? | G10: Glint + BNow Task card | H10: Engagement | I10: ETL → Microsoft Fabric | J10: OneLake / HRDP (Planned) | K10: Anonymisation + Purview | L10: Power BI Reports | M10: Planned | N10: Power BI (default)
B11: 6 | C11: Mandatory training survey | D11: Manual/CSV | E11: Always On | F11: Viva Glint | G11: Glint + BNow Task card | H11: Transactional | I11: ETL → Microsoft Fabric | J11: OneLake / HRDP (Planned) | K11: Anonymisation + Purview | L11: Power BI Reports | M11: Planned | N11: Power BI (default)
B12: 7 | C12: Learning satisfaction survey | D12: Manual/CSV | E12: Bi Annual | F12: Qualtrics / Viva Glint?? | G12: Glint + BNow Task card | H12: Engagement | I12: ETL → Microsoft Fabric | J12: OneLake / HRDP (Planned) | K12: Anonymisation + Purview | L12: Power BI Reports | M12: Copilot Insights | N12: Power BI (default)
B13: 8 | C13: HR experience - H1 2026 | D13: Manual/CSV + HRDP | E13: Bi Annual | F13: Viva Glint?? | G13: Glint + BNow Task card | H13: Engagement | I13: ETL → Microsoft Fabric | J13: OneLake / HRDP (Planned) | K13: Anonymisation + Purview | L13: P – Power BI | M13: Planned | N13: Power BI (default)
B14: 9 | C14: HR experience - H2 2026 | D14: Workday + ServiceNow + HRDP | E14: Always On | F14: Microsoft Forms | G14: - | H14: Transactional | I14: ETL → Microsoft Fabric | J14: OneLake / HRDP (Planned) | K14: Anonymisation + Purview | L14: P – Power BI | M14: Planned | N14: Power BI (default)
B15: 10 | C15: Group Exit survey (Leaving the Bank) | D15: Workday + ServiceNow + HRDP | E15: Always On | F15: Microsoft Forms | G15: - | H15: Strategic | I15: ETL → Microsoft Fabric | J15: OneLake / HRDP (Planned) | K15: Anonymisation + Purview | L15: P – Power BI | M15: Planned | N15: Power BI (default)
B16: 11 | C16: CIB exit interviews for female colleagues | D16: Workday + HRDP | E16: - | F16: Microsoft Forms | G16: - | H16: Strategic | I16: ETL → Microsoft Fabric | J16: OneLake / HRDP (Planned) | K16: Anonymisation + Purview | L16: P – Power BI | M16: Planned | N16: Power BI (default)
... B30: 25 | C30: MMR App | D30: Workday + HRDP | E30: - | F30: Viva Glint | G30: - | H30: Strategic | I30: ETL → Microsoft Fabric | J30: OneLake / HRDP (Planned) | K30: Anonymisation + Purview | L30: P – Power BI | M30: Planned | N30: ✓

Sheet Data Governance
B2: Data Governance & Compliance Register
B4: Yellow = action required | ✓ = Confirmed (green) | P = In Progress (orange)
B5: # | C5: Product Name | D5: Data Owner | E5: Data Sensitivity | F5: Retention Period | G5: Anonymisation Level | H5: Purview Classified | I5: GDPR / Legal Review | J5: HRDP Migration Status | K5: Notes / Actions Required
B6: 1 | C6: Your View - Spring 2026 (Pilot) | D6: HR Analytics | E6: Confidential | F6: 1 Year | G6: Aggregated ≥5 | H6: P | I6: P | J6: Not started | K6: Pilot – confirm data handling
B7: 2 | C7: Your View - Spring 2026 | D7: HR Analytics | E7: Confidential | F7: 2 Years | G7: Aggregated ≥5 | H7: ✓ | I7: ✓ | J7: Planned Q3
B8: 3 | C8: Your View - Autumn 2026 | D8: HR Analytics | E8: Confidential | F8: 2 Years | G8: Aggregated ≥5 | H8: ✓ | I8: ✓ | J8: Planned Q3
B9: 4 | C9: Hiring Manager - Recruitment | D9: To be assigned | E9: Confidential | F9: To be defined | G9: To be defined | H9: P | I9: P | J9: Not started | K9: Assign owner and review
B10: 5 | C10: Hiring Manager - Onboarding | D10: To be assigned | E10: Confidential | F10: To be defined | G10: To be defined | H10: P | I10: P | J10: Not started | K10: Assign owner and review
B11: 6 | C11: Mandatory training survey | D11: To be assigned | E11: Confidential | F11: To be defined | G11: To be defined | H11: P | I11: P | J11: Not started | K11: Assign owner and review
B12: 7 | C12: Learning satisfaction survey | D12: To be assigned | E12: Confidential | F12: To be defined | G12: To be defined | H12: P | I12: P | J12: Not started | K12: Assign owner and review
B13: 8 | C13: HR experience - H1 2026 | D13: To be assigned | E13: Confidential | F13: To be defined | G13: To be defined | H13: P | I13: P | J13: Not started | K13: Assign owner and review
B14: 9 | C14: HR experience - H2 2026 | D14: To be assigned | E14: Confidential | F14: To be defined | G14: To be defined | H14: P | I14: P | J14: Not started | K14: Assign owner and review
B15: 10 | C15: Group Exit survey (Leaving the Bank) | D15: HR Ops | E15: Highly Sensitive | F15: 2 Years | G15: Aggregated ≥5 | H15: ✓ | I15: ✓ | J15: In Progress | K15: Check legal hold
B16: 11 | C16: CIB exit interviews for female colleagues | D16: To be assigned | E16: Confidential | F16: To be defined | G16: To be defined | H16: P | I16: P | J16: Not started | K16: Assign owner and review
B17: 12 | C17: Barometer - Global | D17: HR Analytics | E17: Highly Sensitive | F17: 3 Years | G17: Aggregated ≥5 | H17: ✓ | I17: ✓ | J17: Planned Q3
B18: 13 | C18: BUK Barometer | D18: HR Analytics | E18: Highly Sensitive | F18: 3 Years | G18: Aggregated ≥5 | H18: ✓ | I18: ✓ | J18: Planned Q3
B19: 14 | C19: 360 survey | D19: To be assigned | E19: Confidential | F19: To be defined | G19: To be defined | H19: P | I19: P | J19: Not started | K19: Assign owner and review
B20: 15 | C20: HR case experience | D20: HR Ops | E20: Confidential | F20: 5 Years | G20: Individual Record | H20: ✓ | I20: ✓ | J20: In Progress | K20: ServiceNow integration check
B21: 16 | C21: Team Satisfaction feedback (Speak up) | D21: To be assigned | E21: Confidential | F21: To be defined | G21: To be defined | H21: P | I21: P | J21: Not started | K21: Assign owner and review
B22: 17 | C22: Organisational effectiveness | D22: To be assigned | E22: Confidential | F22: To be defined | G22: To be defined | H22: P | I22: P | J22: Not started | K22: Assign owner and review
B23: 18 | C23: Workplace adjustment colleague satisfaction | D23: To be assigned | E23: Confidential | F23: To be defined | G23: To be defined | H23: P | I23: P | J23: Not started | K23: Assign owner and review
B24: 19 | C24: Career transition services survey (Redeployment) | D24: To be assigned | E24: Confidential | F24: To be defined | G24: To be defined | H24: P | I24: P | J24: Not started | K24: Assign owner and review
B25: 20 | C25: Colleague Listening assessment tool (Control for MS Forms platform) | D25: To be assigned | E25: Confidential | F25: To be defined | G25: To be defined | H25: P | I25: P | J25: Not started | K25: Assign owner and review
B26: 21 | C26: Post online Assessment (SHL) Survey | D26: To be assigned | E26: Confidential | F26: To be defined | G26: To be defined | H26: P | I26: P | J26: Not started | K26: Assign owner and review
B27: 22 | C27: Monthly Corporate Comms Pulse | D27: To be assigned | E27: Confidential | F27: To be defined | G27: To be defined | H27: P | I27: P | J27: Not started | K27: Assign owner and review
B28: 23 | C28: Candidate Experience | D28: To be assigned | E28: Confidential | F28: To be defined | G28: To be defined | H28: P | I28: P | J28: Not started | K28: Assign owner and review
B29: 24 | C29: Alumni | D29: To be assigned | E29: Confidential | F29: To be defined | G29: To be defined | H29: P | I29: P | J29: Not started | K29: Assign owner and review
B30: 25 | C30: MMR App | D30: HR Analytics | E30: Confidential | F30: 2 Years | G30: Aggregated ≥5 | H30: P | I30: P | J30: Planned Q4 | K30: Qlik Sense output – confirm data flow
